{
   "empStr":{
      "empID":100,
      "empName":"Asad",
      "empSalary":50000,
      "empCurrency":"USD",
      "smoker":true,
      "empGender":"https://previews.123rf.com/images/solargaria/solargaria1709/solargaria170900007/85362512-user-icon-male-avatar-in-business-suit-businessman-flat-icon-man-in-business-suit-avatar-of-business.jpg",
      "empMaritialStatus":"S",
      "rating":3
   },
   "empTab":[
      {
         "empID":101,
         "empName":"John",
         "empSalary":40000,
         "empCurrency":"INR",
         "empGender":"https://previews.123rf.com/images/solargaria/solargaria1709/solargaria170900007/85362512-user-icon-male-avatar-in-business-suit-businessman-flat-icon-man-in-business-suit-avatar-of-business.jpg",
         "empMaritialStatus":"S",
         "rating":3,
         "smoker":true
      },
      {
         "empID":102,
         "empName":"Loki",
         "empSalary":30000,
         "empCurrency":"DHS",
         "empGender":"https://previews.123rf.com/images/solargaria/solargaria1709/solargaria170900007/85362512-user-icon-male-avatar-in-business-suit-businessman-flat-icon-man-in-business-suit-avatar-of-business.jpg",
         "empMaritialStatus":"S",
         "rating":3,
         "smoker":true
      },
      {
         "empID":9000,
         "empName":"Sonia",
         "empSalary":2500,
         "empCurrency":"EUR",
         "empGender":"https://cdn1.iconfinder.com/data/icons/avatars-1-5/136/87-512.png",
         "empMaritialStatus":"S",
         "rating":3,
         "smoker":true
      },
      {
         "empID":103,
         "empName":"Vandita",
         "empSalary":25000,
         "empCurrency":"INR",
         "empGender":"https://cdn1.iconfinder.com/data/icons/avatars-1-5/136/87-512.png",
         "empMaritialStatus":"M",
         "rating":4,
         "smoker":true
      },
      {
         "empID":104,
         "empName":"John Snow",
         "empSalary":8000,
         "empCurrency":"USD",
         "empGender":"https://previews.123rf.com/images/solargaria/solargaria1709/solargaria170900007/85362512-user-icon-male-avatar-in-business-suit-businessman-flat-icon-man-in-business-suit-avatar-of-business.jpg",
         "empMaritialStatus":"M",
         "rating":5,
         "smoker":true
      },
      {
         "empID":105,
         "empName":"Tyrion Lannister",
         "empSalary":250000,
         "empCurrency":"INR",
         "empGender":"https://previews.123rf.com/images/solargaria/solargaria1709/solargaria170900007/85362512-user-icon-male-avatar-in-business-suit-businessman-flat-icon-man-in-business-suit-avatar-of-business.jpg",
         "empMaritialStatus":"M",
         "rating":5,
         "smoker":true
      },
      {
         "empID":106,
         "empName":"Cersei Lannister",
         "empSalary":85000,
         "empCurrency":"INR",
         "empGender":"https://cdn1.iconfinder.com/data/icons/avatars-1-5/136/87-512.png",
         "empMaritialStatus":"M",
         "rating":2,
         "smoker":true
      },
      {
         "empID":107,
         "empName":"Arya Stark",
         "empSalary":750000,
         "empCurrency":"INR",
         "empGender":"https://cdn1.iconfinder.com/data/icons/avatars-1-5/136/87-512.png",
         "empMaritialStatus":"S",
         "rating":5,
         "smoker":true
      },
      {
         "empID":108,
         "empName":"Danaerys Targareon",
         "empSalary":150000,
         "empCurrency":"USD",
         "empGender":"https://cdn1.iconfinder.com/data/icons/avatars-1-5/136/87-512.png",
         "empMaritialStatus":"S",
         "rating":5,
         "smoker":true
      },
      {
         "empID":109,
         "empName":"Aegon Targareon",
         "empSalary":45000,
         "empCurrency":"EUR",
         "empGender":"https://previews.123rf.com/images/solargaria/solargaria1709/solargaria170900007/85362512-user-icon-male-avatar-in-business-suit-businessman-flat-icon-man-in-business-suit-avatar-of-business.jpg",
         "empMaritialStatus":"S",
         "rating":4,
         "smoker":true
      }
   ]
}