<?xml version="1.0"?>
<data>
    <empStr>
        <empID>100</empID>
        <empName>AsadinXML</empName>
        <empSalary>10000</empSalary>
        <empCurrency>AED</empCurrency>
    </empStr>
    <empTab>
        <row>
        <empId>101</empId>
        <empName>Laik</empName>
        <empSalary>100000</empSalary>
        <empCurrency>AED</empCurrency>
        </row>
        <row>
        <empId>102</empId>
        <empName>John</empName>
        <empSalary>10000</empSalary>
        <empCurrency>EUR</empCurrency>
        </row>
    </empTab>
</data>